year,crop,unit,date,quantity,donated
2022,Beets,bunch,2022-09-01,12,True
2022,Bok choy,bunch,2022-06-09,3,False
2022,Bok choy,bunch,2022-06-23,3,False
2022,Bok choy,bunch,2022-06-30,5,False
2022,Bok choy,bunch,2022-07-07,4,False
2022,Bok choy,bunch,2022-07-14,1,False
2022,Bok choy,bunch,2022-10-20,1,False
2022,Bok choy,bunch,2022-11-03,5,False
2022,Broccoli,head,2022-11-03,4,True
2022,Cabbage,#,2022-07-07,1,False
2022,Cabbage,#,2022-08-18,1,False
2022,Carrots,bunch,2022-08-11,1,False
2022,Carrots,bunch,2022-09-01,6,False
2022,Carrots,bunch,2022-09-08,8,False
2022,Carrots,bunch,2022-09-15,1,False
2022,Carrots,bunch,2022-11-03,6,False
2022,Corn,lb,2022-08-25,25,True
2022,Corn,lb,2022-09-01,20,True
2022,Cucumbers,#,2022-07-21,8,False
2022,Cucumbers,#,2022-07-28,20,False
2022,Cucumbers,#,2022-08-04,10,False
2022,Cucumbers,#,2022-08-11,14,False
2022,Cucumbers,#,2022-08-25,5,False
2022,Cucumbers,#,2022-09-01,2,False
2022,Cucumbers,#,2022-09-08,1,False
2022,Eggplant,#,2022-09-29,2,True
2022,Gai lan,bunch,2022-09-28,13,True
2022,Gai lan,bunch,2022-09-29,2,True
2022,Gai lan,bunch,2022-10-06,2,True
2022,"Greens, mixed",bunch,2022-06-09,9,False
2022,"Greens, mixed",bunch,2022-06-30,2,False
2022,Kale,bunch,2022-06-16,1,False
2022,Kale,bunch,2022-06-23,4,False
2022,Kale,bunch,2022-06-30,4,False
2022,Kale,bunch,2022-07-07,4,False
2022,Kale,bunch,2022-07-14,3,False
2022,Kale,bunch,2022-07-21,6,False
2022,Kale,bunch,2022-07-28,1,False
2022,Kale,bunch,2022-08-04,5,False
2022,Kale,bunch,2022-08-18,3,False
2022,Kale,bunch,2022-08-25,1,False
2022,Kale,bunch,2022-09-01,7,False
2022,Kale,bunch,2022-09-08,7,False
2022,Kale,bunch,2022-09-15,5,False
2022,Kale,bunch,2022-09-28,5,False
2022,Kale,bunch,2022-09-29,8,False
2022,Kale,bunch,2022-10-06,15,False
2022,Kale,bunch,2022-10-13,2,False
2022,Kale,bunch,2022-10-20,9,False
2022,Kale,bunch,2022-10-27,10,False
2022,Kale,bunch,2022-11-03,17,False
2022,Lettuce,bunch,2022-06-02,14,False
2022,Lettuce,bunch,2022-06-16,10,False
2022,Lettuce,bunch,2022-06-23,3,False
2022,Lettuce,bunch,2022-06-30,5,False
2022,Lettuce,bunch,2022-07-07,3,False
2022,Lettuce,bunch,2022-07-14,2,False
2022,Lettuce,bunch,2022-07-21,2,False
2022,Lettuce,bunch,2022-08-18,2,False
2022,Lettuce,bunch,2022-08-25,7,False
2022,Lettuce,bunch,2022-09-01,7,False
2022,Lettuce,bunch,2022-09-08,3,False
2022,Lettuce,bunch,2022-09-15,9,False
2022,Lettuce,bunch,2022-09-28,10,False
2022,Lettuce,bunch,2022-09-29,12,False
2022,Lettuce,bunch,2022-10-06,20,False
2022,Lettuce,bunch,2022-10-13,13,False
2022,Lettuce,bunch,2022-10-20,13,False
2022,Lettuce,bunch,2022-10-27,1,False
2022,Lettuce,bunch,2022-11-03,13,False
2022,Okra,bunch,2022-08-25,1,True
2022,Onions,#,2022-09-15,17,False
2022,Peas,pint,2022-06-09,1,False
2022,Peas,pint,2022-06-16,8,False
2022,Peas,pint,2022-06-23,10.5,False
2022,Peas,pint,2022-06-30,15,False
2022,Peas,pint,2022-07-04,3,False
2022,Peas,pint,2022-07-07,7,False
2022,Peppers,#,2022-09-08,5,True
2022,Peppers,#,2022-09-29,1,True
2022,Peppers,#,2022-10-13,5,True
2022,Peppers,#,2022-10-20,5,True
2022,Radishes,bunch,2022-06-09,3,False
2022,Radishes,bunch,2022-06-16,3,False
2022,Radishes,bunch,2022-06-30,1,False
2022,Radishes,bunch,2022-10-13,6,False
2022,Radishes,bunch,2022-10-20,4,False
2022,Rhubarb,bunch,2022-06-09,4,True
2022,Rhubarb,bunch,2022-06-16,3,True
2022,Rhubarb,bunch,2022-06-23,3,True
2022,Summer Squash,#,2022-07-04,7,False
2022,Summer Squash,#,2022-07-07,22,False
2022,Summer Squash,#,2022-07-11,10,False
2022,Summer Squash,#,2022-07-14,5,False
2022,Summer Squash,#,2022-07-21,22,False
2022,Summer Squash,#,2022-07-28,12,False
2022,Summer Squash,#,2022-08-04,15,False
2022,Summer Squash,#,2022-08-11,23,False
2022,Summer Squash,#,2022-08-18,7,False
2022,Summer Squash,#,2022-08-25,17,False
2022,Summer Squash,#,2022-09-01,10,False
2022,Summer Squash,#,2022-09-08,4,False
2022,Summer Squash,#,2022-09-15,12,False
2022,Summer Squash,#,2022-09-28,5,False
2022,Summer Squash,#,2022-09-29,4,False
2022,Summer Squash,#,2022-10-06,9,False
2022,Summer Squash,#,2022-10-13,5,False
2022,Summer Squash,#,2022-10-20,2,False
2022,Swiss Chard,bunch,2022-06-23,3,False
2022,Swiss Chard,bunch,2022-06-30,5,False
2022,Swiss Chard,bunch,2022-07-07,4,False
2022,Swiss Chard,bunch,2022-07-14,18,False
2022,Swiss Chard,bunch,2022-07-28,2,False
2022,Swiss Chard,bunch,2022-08-11,15,False
2022,Swiss Chard,bunch,2022-08-18,11,False
2022,Swiss Chard,bunch,2022-08-25,5,False
2022,Swiss Chard,bunch,2022-09-01,5,False
2022,Swiss Chard,bunch,2022-09-08,6,False
2022,Swiss Chard,bunch,2022-09-15,10,False
2022,Swiss Chard,bunch,2022-09-28,3,False
2022,Swiss Chard,bunch,2022-09-29,4,False
2022,Swiss Chard,bunch,2022-10-06,7,False
2022,Swiss Chard,bunch,2022-10-20,6,False
2022,Swiss Chard,bunch,2022-10-27,5,False
2022,Swiss Chard,bunch,2022-11-03,16,False
2022,Tatsoi,bunch,2022-09-08,12,True
2022,Tatsoi,bunch,2022-09-15,34,True
2022,Tatsoi,bunch,2022-09-28,8,True
2022,Tatsoi,bunch,2022-09-29,4,True
2022,Tatsoi,bunch,2022-10-06,3,True
2022,Tatsoi,bunch,2022-10-27,4,True
2022,"Tomatoes, cherry",pint,2022-08-04,8,False
2022,"Tomatoes, cherry",pint,2022-08-11,44,False
2022,"Tomatoes, cherry",pint,2022-08-18,5,False
2022,"Tomatoes, cherry",pint,2022-08-25,23,False
2022,"Tomatoes, cherry",pint,2022-09-01,13,False
2022,"Tomatoes, cherry",pint,2022-09-08,4,False
2022,"Tomatoes, cherry",pint,2022-09-15,18,False
2022,"Tomatoes, cherry",pint,2022-09-28,3.5,False
2022,"Tomatoes, cherry",pint,2022-09-29,6.5,False
2022,"Tomatoes, cherry",pint,2022-10-06,3,False
2022,"Tomatoes, cherry",pint,2022-10-13,12,False
2022,"Tomatoes, cherry",pint,2022-10-20,5,False
2022,"Tomatoes, cherry",pint,2022-11-03,1,False
2022,"Tomatoes, salad",lb,2022-08-18,62,False
2022,"Tomatoes, salad",lb,2022-08-25,23.5,False
2022,"Tomatoes, salad",lb,2022-09-29,5,False
2022,"Tomatoes, salad",lb,2022-10-06,4,False
2022,"Tomatoes, slicer",#,2022-07-21,2,False
2022,"Tomatoes, slicer",#,2022-07-28,33,False
2022,"Tomatoes, slicer",#,2022-08-04,64,False
2022,"Tomatoes, slicer",#,2022-08-11,86,False
2022,"Tomatoes, slicer",#,2022-08-18,90,False
2022,"Tomatoes, slicer",#,2022-08-25,151,False
2022,"Tomatoes, slicer",#,2022-09-01,47,False
2022,"Tomatoes, slicer",#,2022-09-08,10,False
2022,"Tomatoes, slicer",#,2022-09-15,8,False
2022,"Tomatoes, slicer",#,2022-09-28,33,False
2022,"Tomatoes, slicer",#,2022-09-29,30,False
2022,"Tomatoes, slicer",#,2022-10-06,6,False
2022,"Tomatoes, slicer",#,2022-10-13,45,False
2022,"Tomatoes, slicer",#,2022-10-20,22,False
2022,"Tomatoes, slicer",#,2022-11-03,10,False
2022,Turnips,bunch,2022-11-03,3,True
2022,Winter Squash,#,2022-09-28,3,True
2022,Winter Squash,#,2022-10-20,5,True
2022,Zucchini,#,2022-07-04,6,False
2022,Zucchini,#,2022-07-07,9,False
2022,Zucchini,#,2022-07-11,1,False
2022,Zucchini,#,2022-07-14,4,False
2022,Zucchini,#,2022-07-21,11,False
2022,Zucchini,#,2022-07-28,14,False
2022,Zucchini,#,2022-08-04,19,False
2022,Zucchini,#,2022-08-11,27,False
2022,Zucchini,#,2022-08-18,12,False
2022,Zucchini,#,2022-08-25,30,False
2022,Zucchini,#,2022-09-01,10,False
2022,Zucchini,#,2022-09-08,8,False
2022,Zucchini,#,2022-09-15,6,False
2022,Zucchini,#,2022-09-28,3,False
2022,Zucchini,#,2022-09-29,2,False
2022,Zucchini,#,2022-10-13,4,False
2022,Zucchini,#,2022-10-20,2,False
2023,Beets,bunch,2023-07-13,1,False
2023,Beets,bunch,2023-07-20,4,False
2023,Beets,bunch,2023-07-27,2,False
2023,Beets,bunch,2023-08-03,1,False
2023,Beets,bunch,2023-08-10,2,False
2023,Beets,bunch,2023-08-31,4,False
2023,Beets,bunch,2023-10-05,7,False
2023,Beets,bunch,2023-10-26,3,False
2023,Bok choy,bunch,2023-09-28,8,False
2023,Bok choy,bunch,2023-10-12,4,False
2023,Cabbage,#,2023-10-19,1,False
2023,Cabbage,#,2023-10-26,3,False
2023,Carrots,bunch,2023-08-10,1,False
2023,Carrots,bunch,2023-08-17,2,False
2023,Carrots,bunch,2023-08-31,3,False
2023,Carrots,bunch,2023-10-05,1,False
2023,Carrots,bunch,2023-10-26,6,False
2023,Cucumbers,#,2023-08-03,7,False
2023,Cucumbers,#,2023-08-10,2,False
2023,Cucumbers,#,2023-08-17,8,False
2023,Cucumbers,#,2023-08-24,6,False
2023,Cucumbers,#,2023-09-07,2,False
2023,Daikon radish,bunch,2023-08-17,1,True
2023,Daikon radish,bunch,2023-08-24,2,True
2023,Daikon radish,bunch,2023-08-31,2,True
2023,Daikon radish,bunch,2023-09-07,2,True
2023,Garlic,#,2023-09-07,20,False
2023,Garlic scapes,bunch,2023-07-06,2,False
2023,Green beans,bunch,2023-09-07,2,False
2023,Green beans,bunch,2023-09-14,9,False
2023,Green beans,bunch,2023-09-28,1,False
2023,Green beans,bunch,2023-10-05,11,False
2023,Green beans,bunch,2023-10-12,0.5,False
2023,Kale,bunch,2023-06-29,1,False
2023,Kale,bunch,2023-07-13,4,False
2023,Kale,bunch,2023-07-20,6,False
2023,Kale,bunch,2023-07-27,5,False
2023,Kale,bunch,2023-08-03,6,False
2023,Kale,bunch,2023-08-10,10,False
2023,Kale,bunch,2023-08-17,3,False
2023,Kale,bunch,2023-08-24,2,False
2023,Kale,bunch,2023-08-31,9,False
2023,Kale,bunch,2023-09-07,8,False
2023,Kale,bunch,2023-09-14,5,False
2023,Kale,bunch,2023-09-28,6,False
2023,Kale,bunch,2023-10-05,4,False
2023,Kale,bunch,2023-10-19,18,False
2023,Kale,bunch,2023-10-26,14,False
2023,Lettuce,bunch,2023-06-15,4,False
2023,Lettuce,bunch,2023-06-22,3,False
2023,Lettuce,bunch,2023-06-29,14,False
2023,Lettuce,bunch,2023-07-06,18,False
2023,Lettuce,bunch,2023-07-13,33,False
2023,Lettuce,bunch,2023-07-20,28,False
2023,Lettuce,bunch,2023-07-27,17,False
2023,Lettuce,bunch,2023-08-03,4,False
2023,Parsley,bunch,2023-07-20,4,False
2023,Parsley,bunch,2023-08-31,4,False
2023,Peas,pint,2023-06-29,14,False
2023,Peas,pint,2023-07-06,10,False
2023,Peas,pint,2023-07-13,2,False
2023,Radishes,bunch,2023-06-22,3,False
2023,Radishes,bunch,2023-06-29,13,False
2023,Summer Squash,#,2023-07-13,1,False
2023,Summer Squash,#,2023-07-20,5,False
2023,Summer Squash,#,2023-07-27,2,False
2023,Summer Squash,#,2023-08-03,4,False
2023,Summer Squash,#,2023-08-24,17,False
2023,Summer Squash,#,2023-08-31,22,False
2023,Summer Squash,#,2023-09-07,2,False
2023,Summer Squash,#,2023-09-14,27,False
2023,Summer Squash,#,2023-09-28,5,False
2023,Summer Squash,#,2023-10-05,1,False
2023,Summer Squash,#,2023-10-12,2,False
2023,Summer Squash,#,2023-10-19,5,False
2023,Swiss Chard,bunch,2023-06-29,2,False
2023,Swiss Chard,bunch,2023-07-06,2,False
2023,Swiss Chard,bunch,2023-07-13,3,False
2023,Swiss Chard,bunch,2023-07-20,2,False
2023,Swiss Chard,bunch,2023-07-27,2,False
2023,Swiss Chard,bunch,2023-08-03,1,False
2023,Swiss Chard,bunch,2023-08-17,2,False
2023,Swiss Chard,bunch,2023-08-24,2,False
2023,Swiss Chard,bunch,2023-09-07,2,False
2023,Swiss Chard,bunch,2023-09-14,8,False
2023,Swiss Chard,bunch,2023-10-19,1,False
2023,Swiss Chard,bunch,2023-10-26,11,False
2023,"Tomatoes, cherry",pint,2023-07-27,1,False
2023,"Tomatoes, cherry",pint,2023-08-03,5,False
2023,"Tomatoes, cherry",pint,2023-08-10,26,False
2023,"Tomatoes, cherry",pint,2023-08-17,22,False
2023,"Tomatoes, cherry",pint,2023-08-24,23,False
2023,"Tomatoes, cherry",pint,2023-08-31,21,False
2023,"Tomatoes, cherry",pint,2023-09-07,16,False
2023,"Tomatoes, cherry",pint,2023-09-14,3,False
2023,"Tomatoes, cherry",pint,2023-09-28,2,False
2023,"Tomatoes, cherry",pint,2023-10-05,3,False
2023,"Tomatoes, cherry",pint,2023-10-12,1,False
2023,"Tomatoes, cherry",pint,2023-10-19,1,False
2023,"Tomatoes, salad",lb,2023-08-03,6,False
2023,"Tomatoes, slicer",#,2023-07-27,2,False
2023,"Tomatoes, slicer",#,2023-08-10,31,False
2023,"Tomatoes, slicer",#,2023-08-17,40,False
2023,"Tomatoes, slicer",#,2023-08-24,40,False
2023,"Tomatoes, slicer",#,2023-08-31,26,False
2023,"Tomatoes, slicer",#,2023-09-07,11,False
2023,"Tomatoes, slicer",#,2023-09-14,1,False
2023,"Tomatoes, slicer",#,2023-09-28,12,False
2023,"Tomatoes, slicer",#,2023-10-05,4,False
2023,"Tomatoes, slicer",#,2023-10-12,2,False
2023,"Tomatoes, slicer",#,2023-10-26,3,False
2023,Turnips,bunch,2023-09-14,3,False
2023,Turnips,bunch,2023-09-28,3,False
2023,Turnips,bunch,2023-10-05,5,False
2023,Turnips,bunch,2023-10-12,4,False
2023,Turnips,bunch,2023-10-26,6,False
2023,Winter Squash,#,2023-08-10,9,True
2023,Zucchini,#,2023-07-13,2,False
2023,Zucchini,#,2023-07-20,6,False
2023,Zucchini,#,2023-07-27,3,False
2023,Zucchini,#,2023-08-03,4,False
2023,Zucchini,#,2023-08-10,7,False
2023,Zucchini,#,2023-08-17,5,False
2023,Zucchini,#,2023-08-24,1,False
2023,Zucchini,#,2023-09-07,1,False
2023,Zucchini,#,2023-09-14,5,False
2023,Zucchini,#,2023-09-28,1,False
2023,Zucchini,#,2023-10-05,2,False
2023,Zucchini,#,2023-10-12,6,False
2023,Zucchini,#,2023-10-19,10,False
2024,Beets,bunch,2024-07-10,7,False
2024,Beets,bunch,2024-07-31,8,False
2024,Beets,bunch,2024-08-07,2,False
2024,Beets,bunch,2024-09-25,1,False
2024,Carrots,bunch,2024-07-31,1,False
2024,Carrots,bunch,2024-08-14,2,False
2024,Carrots,bunch,2024-08-21,4,False
2024,Carrots,bunch,2024-08-28,2,False
2024,Carrots,bunch,2024-09-11,5,False
2024,Carrots,bunch,2024-09-18,4,False
2024,Carrots,bunch,2024-09-25,8,False
2024,Cucumbers,#,2024-06-26,1,False
2024,Cucumbers,#,2024-08-07,5,False
2024,Cucumbers,#,2024-08-21,5,False
2024,Garlic,#,2024-09-18,40,False
2024,Green beans,bunch,2024-10-02,1,False
2024,Kale,bunch,2024-07-24,1,False
2024,Kale,bunch,2024-07-31,3,False
2024,Kale,bunch,2024-08-07,4,False
2024,Kale,bunch,2024-08-14,4,False
2024,Kale,bunch,2024-08-21,7,False
2024,Kale,bunch,2024-08-28,3,False
2024,Kale,bunch,2024-09-25,4,False
2024,Kale,bunch,2024-10-02,9,False
2024,Lettuce,bunch,2024-06-26,31,False
2024,Lettuce,bunch,2024-07-03,11,False
2024,Lettuce,bunch,2024-09-25,5,False
2024,Lettuce,bunch,2024-10-02,5,False
2024,Onions,bunch,2024-09-04,3,False
2024,Peas,pint,2024-06-26,8,False
2024,Peas,pint,2024-07-03,8,False
2024,Peas,pint,2024-07-10,2,False
2024,Peppers,#,2024-07-31,8,False
2024,Peppers,#,2024-08-28,19,False
2024,Peppers,#,2024-09-04,20,False
2024,Peppers,#,2024-09-11,5,False
2024,Peppers,#,2024-09-18,5,False
2024,Peppers,#,2024-09-25,13,False
2024,Peppers,#,2024-10-02,6,False
2024,Radishes,bunch,2024-06-12,8,False
2024,Radishes,bunch,2024-06-26,3,False
2024,Summer Squash,#,2024-07-24,17,False
2024,Summer Squash,#,2024-07-31,40,False
2024,Summer Squash,#,2024-08-07,38,False
2024,Summer Squash,#,2024-08-14,8,False
2024,Summer Squash,#,2024-08-21,12,False
2024,Summer Squash,#,2024-08-28,26,False
2024,Summer Squash,#,2024-09-04,21,False
2024,Summer Squash,#,2024-09-11,5,False
2024,Summer Squash,#,2024-09-18,9,False
2024,Summer Squash,#,2024-09-25,9,False
2024,Swiss Chard,bunch,2024-07-10,4,False
2024,Swiss Chard,bunch,2024-07-24,7,False
2024,Swiss Chard,bunch,2024-07-31,6,False
2024,Swiss Chard,bunch,2024-08-07,4,False
2024,Swiss Chard,bunch,2024-08-14,3,False
2024,Swiss Chard,bunch,2024-08-21,5,False
2024,Swiss Chard,bunch,2024-08-28,5,False
2024,Swiss Chard,bunch,2024-09-04,7,False
2024,Swiss Chard,bunch,2024-09-25,5,False
2024,Swiss Chard,bunch,2024-10-02,5,False
2024,"Tomatoes, cherry",pint,2024-07-17,2,False
2024,"Tomatoes, cherry",pint,2024-07-24,9,False
2024,"Tomatoes, cherry",pint,2024-07-31,8,False
2024,"Tomatoes, cherry",pint,2024-08-07,17,False
2024,"Tomatoes, cherry",pint,2024-08-14,5,False
2024,"Tomatoes, cherry",pint,2024-08-21,6,False
2024,"Tomatoes, cherry",pint,2024-08-28,9,False
2024,"Tomatoes, cherry",pint,2024-09-04,9,False
2024,"Tomatoes, cherry",pint,2024-09-11,6,False
2024,"Tomatoes, cherry",pint,2024-09-18,6,False
2024,"Tomatoes, cherry",pint,2024-09-25,8,False
2024,"Tomatoes, cherry",pint,2024-10-02,4,False
2024,"Tomatoes, salad",pint,2024-10-02,11,False
2024,"Tomatoes, slicer",#,2024-07-31,33,False
2024,"Tomatoes, slicer",#,2024-08-07,115,False
2024,"Tomatoes, slicer",#,2024-08-14,73,False
2024,"Tomatoes, slicer",#,2024-08-21,61,False
2024,"Tomatoes, slicer",#,2024-08-28,30,False
2024,"Tomatoes, slicer",#,2024-09-04,52,False
2024,"Tomatoes, slicer",#,2024-09-11,69,False
2024,"Tomatoes, slicer",#,2024-09-18,79,False
2024,"Tomatoes, slicer",#,2024-09-25,72,False
2024,"Tomatoes, slicer",#,2024-10-02,17,False
2024,Turnips,bunch,2024-06-26,1,True
2024,Winter Squash,#,2024-09-04,2,True
2024,Winter Squash,#,2024-10-02,1,True
2024,Zucchini,#,2024-07-17,5,False
2024,Zucchini,#,2024-07-24,7,False
2024,Zucchini,#,2024-07-31,14,False
2024,Zucchini,#,2024-08-07,12,False
2024,Zucchini,#,2024-08-14,7,False
2024,Zucchini,#,2024-08-21,10,False
2024,Zucchini,#,2024-08-28,8,False
2024,Zucchini,#,2024-09-04,5,False
2024,Zucchini,#,2024-09-18,1,False
2024,Zucchini,#,2024-09-25,2,False
2024,Zucchini,#,2024-10-02,1,False
2025,Beets,bunch,2025-07-25,3,False
2025,Beets,bunch,2025-07-31,6,False
2025,Beets,bunch,2025-08-07,1,False
2025,Beets,bunch,2025-09-04,4,False
2025,Beets,bunch,2025-09-11,4,False
2025,Beets,bunch,2025-09-18,1,False
2025,Beets,bunch,2025-10-23,1,False
2025,Broccoli,bunch,2025-07-25,3,False
2025,Broccoli,bunch,2025-07-31,1,False
2025,Broccoli,bunch,2025-08-07,3,False
2025,Broccoli,bunch,2025-08-21,3,False
2025,Broccoli,bunch,2025-08-28,1,False
2025,Broccoli,bunch,2025-09-04,7,False
2025,Broccoli,bunch,2025-09-11,1,False
2025,Broccoli,bunch,2025-09-18,8,False
2025,Broccoli,bunch,2025-09-25,1,False
2025,Broccoli,bunch,2025-10-02,2,False
2025,Broccoli,bunch,2025-10-09,3,False
2025,Broccoli,bunch,2025-10-16,1,False
2025,Broccoli,bunch,2025-10-23,7,False
2025,Carrots,bunch,2025-09-04,5,False
2025,Carrots,bunch,2025-09-11,5,False
2025,Carrots,bunch,2025-09-18,6,False
2025,Carrots,bunch,2025-10-02,6,False
2025,Carrots,bunch,2025-10-16,6,False
2025,Carrots,bunch,2025-10-23,9,False
2025,Cucumbers,#,2025-07-25,1,False
2025,Cucumbers,#,2025-07-31,5,False
2025,Cucumbers,#,2025-08-14,7,False
2025,Cucumbers,#,2025-08-21,7,False
2025,Cucumbers,#,2025-09-04,2,False
2025,Garlic,#,2025-09-18,16,False
2025,Garlic,#,2025-10-23,16,False
2025,Green beans,bunch,2025-09-04,1,False
2025,Green beans,bunch,2025-10-09,1,False
2025,Kale,bunch,2025-06-26,2,False
2025,Kale,bunch,2025-07-17,7,False
2025,Kale,bunch,2025-07-25,6,False
2025,Kale,bunch,2025-07-31,5,False
2025,Kale,bunch,2025-08-14,13,False
2025,Kale,bunch,2025-08-21,4,False
2025,Kale,bunch,2025-08-28,5,False
2025,Kale,bunch,2025-09-04,3,False
2025,Kale,bunch,2025-09-11,5,False
2025,Kale,bunch,2025-09-18,6,False
2025,Kale,bunch,2025-09-25,9,False
2025,Kale,bunch,2025-10-02,7,False
2025,Kale,bunch,2025-10-16,13,False
2025,Kale,bunch,2025-10-23,15,False
2025,Lettuce,bunch,2025-06-26,25,False
2025,Lettuce,bunch,2025-07-03,2,False
2025,Lettuce,bunch,2025-07-17,14,False
2025,Lettuce,bunch,2025-07-25,1,False
2025,Lettuce,bunch,2025-07-31,1,False
2025,Lettuce,bunch,2025-08-07,9,False
2025,Lettuce,bunch,2025-08-28,6,False
2025,Lettuce,bunch,2025-09-04,9,False
2025,Lettuce,bunch,2025-09-11,12,False
2025,Lettuce,bunch,2025-09-18,14,False
2025,Lettuce,bunch,2025-10-02,23,False
2025,Lettuce,bunch,2025-10-09,19,False
2025,Lettuce,bunch,2025-10-16,18,False
2025,Lettuce,bunch,2025-10-23,7,False
2025,Onions,bunch,2025-07-25,2,False
2025,Peppers,#,2025-08-07,9,False
2025,Peppers,#,2025-08-21,6,False
2025,Peppers,#,2025-08-28,17,False
2025,Peppers,#,2025-09-04,16,False
2025,Peppers,#,2025-09-11,12,False
2025,Peppers,#,2025-09-18,7,False
2025,Peppers,#,2025-09-25,42,False
2025,Peppers,#,2025-10-02,79,False
2025,Peppers,#,2025-10-09,60,False
2025,Radishes,bunch,2025-06-26,3,False
2025,Radishes,bunch,2025-07-03,6,False
2025,Radishes,bunch,2025-07-17,4,False
2025,Summer Squash,#,2025-07-17,6,False
2025,Summer Squash,#,2025-07-25,2,False
2025,Summer Squash,#,2025-07-31,3,False
2025,Summer Squash,#,2025-08-07,1,False
2025,Summer Squash,#,2025-08-14,12,False
2025,Summer Squash,#,2025-08-21,9,False
2025,Summer Squash,#,2025-08-28,8,False
2025,Summer Squash,#,2025-09-04,15,False
2025,Summer Squash,#,2025-09-11,18,False
2025,Summer Squash,#,2025-09-18,20,False
2025,Summer Squash,#,2025-09-25,14,False
2025,Summer Squash,#,2025-10-02,6,False
2025,Summer Squash,#,2025-10-09,1,False
2025,Swiss Chard,bunch,2025-07-17,11,False
2025,Swiss Chard,bunch,2025-07-25,8,False
2025,Swiss Chard,bunch,2025-07-31,6,False
2025,Swiss Chard,bunch,2025-08-07,5,False
2025,Swiss Chard,bunch,2025-08-14,11,False
2025,Swiss Chard,bunch,2025-08-21,5,False
2025,Swiss Chard,bunch,2025-08-28,8,False
2025,Swiss Chard,bunch,2025-09-04,5,False
2025,Swiss Chard,bunch,2025-09-11,5,False
2025,Swiss Chard,bunch,2025-09-18,6,False
2025,Swiss Chard,bunch,2025-09-25,10,False
2025,Swiss Chard,bunch,2025-10-02,7,False
2025,Swiss Chard,bunch,2025-10-16,5,False
2025,"Tomatoes, cherry",pint,2025-07-31,1,False
2025,"Tomatoes, cherry",pint,2025-08-07,5,False
2025,"Tomatoes, cherry",pint,2025-08-14,13,False
2025,"Tomatoes, cherry",pint,2025-08-21,5,False
2025,"Tomatoes, cherry",pint,2025-08-28,14,False
2025,"Tomatoes, cherry",pint,2025-09-04,7,False
2025,"Tomatoes, cherry",pint,2025-09-11,12,False
2025,"Tomatoes, cherry",pint,2025-09-18,6,False
2025,"Tomatoes, cherry",pint,2025-09-25,8,False
2025,"Tomatoes, cherry",pint,2025-10-02,12,False
2025,"Tomatoes, cherry",pint,2025-10-09,8,False
2025,"Tomatoes, cherry",pint,2025-10-16,3,False
2025,"Tomatoes, slicer",#,2025-08-21,39,False
2025,"Tomatoes, slicer",#,2025-08-28,123,False
2025,"Tomatoes, slicer",#,2025-09-04,62,False
2025,"Tomatoes, slicer",#,2025-09-11,34,False
2025,"Tomatoes, slicer",#,2025-09-18,87,False
2025,"Tomatoes, slicer",#,2025-09-25,86,False
2025,"Tomatoes, slicer",#,2025-10-02,19,False
2025,"Tomatoes, slicer",#,2025-10-09,41,False
2025,"Tomatoes, slicer",#,2025-10-16,43,False
2025,"Tomatoes, slicer",#,2025-10-23,28,False
2025,Zucchini,#,2025-07-17,7,False
2025,Zucchini,#,2025-07-25,6,False
2025,Zucchini,#,2025-07-31,4,False
2025,Zucchini,#,2025-08-07,14,False
2025,Zucchini,#,2025-08-14,20,False
2025,Zucchini,#,2025-08-21,16,False
2025,Zucchini,#,2025-08-28,14,False
2025,Zucchini,#,2025-09-04,20,False
2025,Zucchini,#,2025-09-11,9,False
2025,Zucchini,#,2025-09-18,5,False
2025,Zucchini,#,2025-09-25,8,False
2025,Zucchini,#,2025-10-02,7,False
2025,Zucchini,#,2025-10-09,5,False
